{
  "Total" : {
    "transaction" : "Total",
    "sampleCount" : 500,
    "errorCount" : 0,
    "errorPct" : 0.0,
    "meanResTime" : 97552.39800000004,
    "medianResTime" : 109582.5,
    "minResTime" : 2701.0,
    "maxResTime" : 158375.0,
    "pct1ResTime" : 152538.7,
    "pct2ResTime" : 155182.75,
    "pct3ResTime" : 157767.12,
    "throughput" : 3.154156231666467,
    "receivedKBytesPerSec" : 33.66076103481558,
    "sentKBytesPerSec" : 1.543195578188379
  },
  "HTTP Request" : {
    "transaction" : "HTTP Request",
    "sampleCount" : 500,
    "errorCount" : 0,
    "errorPct" : 0.0,
    "meanResTime" : 97552.39800000004,
    "medianResTime" : 109582.5,
    "minResTime" : 2701.0,
    "maxResTime" : 158375.0,
    "pct1ResTime" : 152538.7,
    "pct2ResTime" : 155182.75,
    "pct3ResTime" : 157767.12,
    "throughput" : 3.154156231666467,
    "receivedKBytesPerSec" : 33.66076103481558,
    "sentKBytesPerSec" : 1.543195578188379
  }
}