{
  "Total" : {
    "transaction" : "Total",
    "sampleCount" : 500,
    "errorCount" : 217,
    "errorPct" : 43.4,
    "meanResTime" : 62999.610000000044,
    "medianResTime" : 84366.0,
    "minResTime" : 9741.0,
    "maxResTime" : 119489.0,
    "pct1ResTime" : 113712.40000000001,
    "pct2ResTime" : 117008.15,
    "pct3ResTime" : 119226.86,
    "throughput" : 4.1798331410610094,
    "receivedKBytesPerSec" : 66.13901824601662,
    "sentKBytesPerSec" : 0.9306659728143652
  },
  "HTTP Request" : {
    "transaction" : "HTTP Request",
    "sampleCount" : 500,
    "errorCount" : 217,
    "errorPct" : 43.4,
    "meanResTime" : 62999.610000000044,
    "medianResTime" : 84366.0,
    "minResTime" : 9741.0,
    "maxResTime" : 119489.0,
    "pct1ResTime" : 113712.40000000001,
    "pct2ResTime" : 117008.15,
    "pct3ResTime" : 119226.86,
    "throughput" : 4.1798331410610094,
    "receivedKBytesPerSec" : 66.13901824601662,
    "sentKBytesPerSec" : 0.9306659728143652
  }
}