{
  "Total" : {
    "transaction" : "Total",
    "sampleCount" : 1000,
    "errorCount" : 636,
    "errorPct" : 63.6,
    "meanResTime" : 20213.538999999968,
    "medianResTime" : 18714.0,
    "minResTime" : 10933.0,
    "maxResTime" : 34313.0,
    "pct1ResTime" : 32000.4,
    "pct2ResTime" : 33299.44999999999,
    "pct3ResTime" : 34213.98,
    "throughput" : 28.426857695150378,
    "receivedKBytesPerSec" : 466.14005912786405,
    "sentKBytesPerSec" : 6.3294175336858265
  },
  "HTTP Request" : {
    "transaction" : "HTTP Request",
    "sampleCount" : 1000,
    "errorCount" : 636,
    "errorPct" : 63.6,
    "meanResTime" : 20213.538999999968,
    "medianResTime" : 18714.0,
    "minResTime" : 10933.0,
    "maxResTime" : 34313.0,
    "pct1ResTime" : 32000.4,
    "pct2ResTime" : 33299.44999999999,
    "pct3ResTime" : 34213.98,
    "throughput" : 28.426857695150378,
    "receivedKBytesPerSec" : 466.14005912786405,
    "sentKBytesPerSec" : 6.3294175336858265
  }
}