{
  "Total" : {
    "transaction" : "Total",
    "sampleCount" : 1000,
    "errorCount" : 717,
    "errorPct" : 71.7,
    "meanResTime" : 39770.13300000004,
    "medianResTime" : 17942.5,
    "minResTime" : 8021.0,
    "maxResTime" : 119227.0,
    "pct1ResTime" : 107838.59999999999,
    "pct2ResTime" : 114068.2,
    "pct3ResTime" : 118285.78,
    "throughput" : 8.383143175702298,
    "receivedKBytesPerSec" : 139.0284369315181,
    "sentKBytesPerSec" : 1.8665592227149645
  },
  "HTTP Request" : {
    "transaction" : "HTTP Request",
    "sampleCount" : 1000,
    "errorCount" : 717,
    "errorPct" : 71.7,
    "meanResTime" : 39770.13300000004,
    "medianResTime" : 17942.5,
    "minResTime" : 8021.0,
    "maxResTime" : 119227.0,
    "pct1ResTime" : 107838.59999999999,
    "pct2ResTime" : 114068.2,
    "pct3ResTime" : 118285.78,
    "throughput" : 8.383143175702298,
    "receivedKBytesPerSec" : 139.0284369315181,
    "sentKBytesPerSec" : 1.8665592227149645
  }
}