{
  "Total" : {
    "transaction" : "Total",
    "sampleCount" : 1000,
    "errorCount" : 573,
    "errorPct" : 57.3,
    "meanResTime" : 16073.376999999997,
    "medianResTime" : 14716.5,
    "minResTime" : 8494.0,
    "maxResTime" : 26442.0,
    "pct1ResTime" : 24676.2,
    "pct2ResTime" : 25960.449999999997,
    "pct3ResTime" : 26399.96,
    "throughput" : 36.844626211267084,
    "receivedKBytesPerSec" : 598.0814384257212,
    "sentKBytesPerSec" : 8.095743063999116
  },
  "HTTP Request" : {
    "transaction" : "HTTP Request",
    "sampleCount" : 1000,
    "errorCount" : 573,
    "errorPct" : 57.3,
    "meanResTime" : 16073.376999999997,
    "medianResTime" : 14716.5,
    "minResTime" : 8494.0,
    "maxResTime" : 26442.0,
    "pct1ResTime" : 24676.2,
    "pct2ResTime" : 25960.449999999997,
    "pct3ResTime" : 26399.96,
    "throughput" : 36.844626211267084,
    "receivedKBytesPerSec" : 598.0814384257212,
    "sentKBytesPerSec" : 8.095743063999116
  }
}