{
  "Total" : {
    "transaction" : "Total",
    "sampleCount" : 100,
    "errorCount" : 0,
    "errorPct" : 0.0,
    "meanResTime" : 8800.960000000003,
    "medianResTime" : 8966.5,
    "minResTime" : 6894.0,
    "maxResTime" : 10180.0,
    "pct1ResTime" : 10048.8,
    "pct2ResTime" : 10125.8,
    "pct3ResTime" : 10179.76,
    "throughput" : 9.801038910124474,
    "receivedKBytesPerSec" : 144.1346142066059,
    "sentKBytesPerSec" : 2.1822625698324023
  },
  "HTTP Request" : {
    "transaction" : "HTTP Request",
    "sampleCount" : 100,
    "errorCount" : 0,
    "errorPct" : 0.0,
    "meanResTime" : 8800.960000000003,
    "medianResTime" : 8966.5,
    "minResTime" : 6894.0,
    "maxResTime" : 10180.0,
    "pct1ResTime" : 10048.8,
    "pct2ResTime" : 10125.8,
    "pct3ResTime" : 10179.76,
    "throughput" : 9.801038910124474,
    "receivedKBytesPerSec" : 144.1346142066059,
    "sentKBytesPerSec" : 2.1822625698324023
  }
}