{
  "Total" : {
    "transaction" : "Total",
    "sampleCount" : 500,
    "errorCount" : 200,
    "errorPct" : 40.0,
    "meanResTime" : 33573.68800000002,
    "medianResTime" : 42120.5,
    "minResTime" : 8821.0,
    "maxResTime" : 56514.0,
    "pct1ResTime" : 55017.1,
    "pct2ResTime" : 55978.95,
    "pct3ResTime" : 56410.88,
    "throughput" : 8.82955428409974,
    "receivedKBytesPerSec" : 139.25597071016105,
    "sentKBytesPerSec" : 1.940087611252384
  },
  "HTTP Request" : {
    "transaction" : "HTTP Request",
    "sampleCount" : 500,
    "errorCount" : 200,
    "errorPct" : 40.0,
    "meanResTime" : 33573.68800000002,
    "medianResTime" : 42120.5,
    "minResTime" : 8821.0,
    "maxResTime" : 56514.0,
    "pct1ResTime" : 55017.1,
    "pct2ResTime" : 55978.95,
    "pct3ResTime" : 56410.88,
    "throughput" : 8.82955428409974,
    "receivedKBytesPerSec" : 139.25597071016105,
    "sentKBytesPerSec" : 1.940087611252384
  }
}