{
  "Total" : {
    "transaction" : "Total",
    "sampleCount" : 1000,
    "errorCount" : 390,
    "errorPct" : 39.0,
    "meanResTime" : 19315.816000000013,
    "medianResTime" : 19452.5,
    "minResTime" : 10592.0,
    "maxResTime" : 27653.0,
    "pct1ResTime" : 26564.0,
    "pct2ResTime" : 26994.0,
    "pct3ResTime" : 27352.06,
    "throughput" : 36.08545034642032,
    "receivedKBytesPerSec" : 568.110159858545,
    "sentKBytesPerSec" : 8.03465105369515
  },
  "HTTP Request" : {
    "transaction" : "HTTP Request",
    "sampleCount" : 1000,
    "errorCount" : 390,
    "errorPct" : 39.0,
    "meanResTime" : 19315.816000000013,
    "medianResTime" : 19452.5,
    "minResTime" : 10592.0,
    "maxResTime" : 27653.0,
    "pct1ResTime" : 26564.0,
    "pct2ResTime" : 26994.0,
    "pct3ResTime" : 27352.06,
    "throughput" : 36.08545034642032,
    "receivedKBytesPerSec" : 568.110159858545,
    "sentKBytesPerSec" : 8.03465105369515
  }
}