{
  "Total" : {
    "transaction" : "Total",
    "sampleCount" : 500,
    "errorCount" : 200,
    "errorPct" : 40.0,
    "meanResTime" : 34910.56199999999,
    "medianResTime" : 42470.5,
    "minResTime" : 10331.0,
    "maxResTime" : 67584.0,
    "pct1ResTime" : 58702.8,
    "pct2ResTime" : 60191.1,
    "pct3ResTime" : 61343.38,
    "throughput" : 7.390873749094618,
    "receivedKBytesPerSec" : 116.55096099835923,
    "sentKBytesPerSec" : 1.6456242331968487
  },
  "HTTP Request" : {
    "transaction" : "HTTP Request",
    "sampleCount" : 500,
    "errorCount" : 200,
    "errorPct" : 40.0,
    "meanResTime" : 34910.56199999999,
    "medianResTime" : 42470.5,
    "minResTime" : 10331.0,
    "maxResTime" : 67584.0,
    "pct1ResTime" : 58702.8,
    "pct2ResTime" : 60191.1,
    "pct3ResTime" : 61343.38,
    "throughput" : 7.390873749094618,
    "receivedKBytesPerSec" : 116.55096099835923,
    "sentKBytesPerSec" : 1.6456242331968487
  }
}