{
  "Total" : {
    "transaction" : "Total",
    "sampleCount" : 500,
    "errorCount" : 200,
    "errorPct" : 40.0,
    "meanResTime" : 23788.54999999999,
    "medianResTime" : 27997.0,
    "minResTime" : 10392.0,
    "maxResTime" : 35231.0,
    "pct1ResTime" : 34493.9,
    "pct2ResTime" : 34903.9,
    "pct3ResTime" : 35092.66,
    "throughput" : 14.160695573366564,
    "receivedKBytesPerSec" : 223.31383730068822,
    "sentKBytesPerSec" : 3.152967373757399
  },
  "HTTP Request" : {
    "transaction" : "HTTP Request",
    "sampleCount" : 500,
    "errorCount" : 200,
    "errorPct" : 40.0,
    "meanResTime" : 23788.54999999999,
    "medianResTime" : 27997.0,
    "minResTime" : 10392.0,
    "maxResTime" : 35231.0,
    "pct1ResTime" : 34493.9,
    "pct2ResTime" : 34903.9,
    "pct3ResTime" : 35092.66,
    "throughput" : 14.160695573366564,
    "receivedKBytesPerSec" : 223.31383730068822,
    "sentKBytesPerSec" : 3.152967373757399
  }
}