{
  "Total" : {
    "transaction" : "Total",
    "sampleCount" : 500,
    "errorCount" : 300,
    "errorPct" : 60.0,
    "meanResTime" : 18095.364,
    "medianResTime" : 13474.5,
    "minResTime" : 9727.0,
    "maxResTime" : 31743.0,
    "pct1ResTime" : 29885.900000000005,
    "pct2ResTime" : 30851.35,
    "pct3ResTime" : 31415.98,
    "throughput" : 15.713387806411061,
    "receivedKBytesPerSec" : 256.2000363372093,
    "sentKBytesPerSec" : 3.498684003771213
  },
  "HTTP Request" : {
    "transaction" : "HTTP Request",
    "sampleCount" : 500,
    "errorCount" : 300,
    "errorPct" : 60.0,
    "meanResTime" : 18095.364,
    "medianResTime" : 13474.5,
    "minResTime" : 9727.0,
    "maxResTime" : 31743.0,
    "pct1ResTime" : 29885.900000000005,
    "pct2ResTime" : 30851.35,
    "pct3ResTime" : 31415.98,
    "throughput" : 15.713387806411061,
    "receivedKBytesPerSec" : 256.2000363372093,
    "sentKBytesPerSec" : 3.498684003771213
  }
}