{
  "Total" : {
    "transaction" : "Total",
    "sampleCount" : 500,
    "errorCount" : 199,
    "errorPct" : 39.8,
    "meanResTime" : 15663.860000000008,
    "medianResTime" : 16895.0,
    "minResTime" : 8468.0,
    "maxResTime" : 22438.0,
    "pct1ResTime" : 22050.7,
    "pct2ResTime" : 22195.95,
    "pct3ResTime" : 22375.0,
    "throughput" : 22.199529369977355,
    "receivedKBytesPerSec" : 350.0032432124939,
    "sentKBytesPerSec" : 4.8778262775829155
  },
  "HTTP Request" : {
    "transaction" : "HTTP Request",
    "sampleCount" : 500,
    "errorCount" : 199,
    "errorPct" : 39.8,
    "meanResTime" : 15663.860000000008,
    "medianResTime" : 16895.0,
    "minResTime" : 8468.0,
    "maxResTime" : 22438.0,
    "pct1ResTime" : 22050.7,
    "pct2ResTime" : 22195.95,
    "pct3ResTime" : 22375.0,
    "throughput" : 22.199529369977355,
    "receivedKBytesPerSec" : 350.0032432124939,
    "sentKBytesPerSec" : 4.8778262775829155
  }
}