{
  "Total" : {
    "transaction" : "Total",
    "sampleCount" : 500,
    "errorCount" : 300,
    "errorPct" : 60.0,
    "meanResTime" : 14595.554000000007,
    "medianResTime" : 12593.5,
    "minResTime" : 8557.0,
    "maxResTime" : 23382.0,
    "pct1ResTime" : 21951.600000000002,
    "pct2ResTime" : 22669.2,
    "pct3ResTime" : 23213.9,
    "throughput" : 21.374829001367992,
    "receivedKBytesPerSec" : 348.5038955625855,
    "sentKBytesPerSec" : 4.759239269835842
  },
  "HTTP Request" : {
    "transaction" : "HTTP Request",
    "sampleCount" : 500,
    "errorCount" : 300,
    "errorPct" : 60.0,
    "meanResTime" : 14595.554000000007,
    "medianResTime" : 12593.5,
    "minResTime" : 8557.0,
    "maxResTime" : 23382.0,
    "pct1ResTime" : 21951.600000000002,
    "pct2ResTime" : 22669.2,
    "pct3ResTime" : 23213.9,
    "throughput" : 21.374829001367992,
    "receivedKBytesPerSec" : 348.5038955625855,
    "sentKBytesPerSec" : 4.759239269835842
  }
}