{
  "Total" : {
    "transaction" : "Total",
    "sampleCount" : 1000,
    "errorCount" : 0,
    "errorPct" : 0.0,
    "meanResTime" : 160710.29800000016,
    "medianResTime" : 159215.0,
    "minResTime" : 6445.0,
    "maxResTime" : 300717.0,
    "pct1ResTime" : 280413.5,
    "pct2ResTime" : 294949.45,
    "pct3ResTime" : 299900.95,
    "throughput" : 3.3180371819246606,
    "receivedKBytesPerSec" : 35.40967805085224,
    "sentKBytesPerSec" : 1.6233756134221242
  },
  "HTTP Request" : {
    "transaction" : "HTTP Request",
    "sampleCount" : 1000,
    "errorCount" : 0,
    "errorPct" : 0.0,
    "meanResTime" : 160710.29800000016,
    "medianResTime" : 159215.0,
    "minResTime" : 6445.0,
    "maxResTime" : 300717.0,
    "pct1ResTime" : 280413.5,
    "pct2ResTime" : 294949.45,
    "pct3ResTime" : 299900.95,
    "throughput" : 3.3180371819246606,
    "receivedKBytesPerSec" : 35.40967805085224,
    "sentKBytesPerSec" : 1.6233756134221242
  }
}