{
  "Total" : {
    "transaction" : "Total",
    "sampleCount" : 500,
    "errorCount" : 239,
    "errorPct" : 47.8,
    "meanResTime" : 13554.073999999995,
    "medianResTime" : 12619.5,
    "minResTime" : 8841.0,
    "maxResTime" : 20099.0,
    "pct1ResTime" : 19117.6,
    "pct2ResTime" : 19628.0,
    "pct3ResTime" : 19917.98,
    "throughput" : 24.49899554118281,
    "receivedKBytesPerSec" : 391.4821777463374,
    "sentKBytesPerSec" : 5.454854475966486
  },
  "HTTP Request" : {
    "transaction" : "HTTP Request",
    "sampleCount" : 500,
    "errorCount" : 239,
    "errorPct" : 47.8,
    "meanResTime" : 13554.073999999995,
    "medianResTime" : 12619.5,
    "minResTime" : 8841.0,
    "maxResTime" : 20099.0,
    "pct1ResTime" : 19117.6,
    "pct2ResTime" : 19628.0,
    "pct3ResTime" : 19917.98,
    "throughput" : 24.49899554118281,
    "receivedKBytesPerSec" : 391.4821777463374,
    "sentKBytesPerSec" : 5.454854475966486
  }
}