{
  "Total" : {
    "transaction" : "Total",
    "sampleCount" : 1000,
    "errorCount" : 381,
    "errorPct" : 38.1,
    "meanResTime" : 19801.346999999976,
    "medianResTime" : 19241.5,
    "minResTime" : 10101.0,
    "maxResTime" : 27816.0,
    "pct1ResTime" : 27117.0,
    "pct2ResTime" : 27408.85,
    "pct3ResTime" : 27642.98,
    "throughput" : 34.9125440770869,
    "receivedKBytesPerSec" : 548.8437060865656,
    "sentKBytesPerSec" : 7.7734961421638795
  },
  "HTTP Request" : {
    "transaction" : "HTTP Request",
    "sampleCount" : 1000,
    "errorCount" : 381,
    "errorPct" : 38.1,
    "meanResTime" : 19801.346999999976,
    "medianResTime" : 19241.5,
    "minResTime" : 10101.0,
    "maxResTime" : 27816.0,
    "pct1ResTime" : 27117.0,
    "pct2ResTime" : 27408.85,
    "pct3ResTime" : 27642.98,
    "throughput" : 34.9125440770869,
    "receivedKBytesPerSec" : 548.8437060865656,
    "sentKBytesPerSec" : 7.7734961421638795
  }
}