{
  "Total" : {
    "transaction" : "Total",
    "sampleCount" : 100,
    "errorCount" : 0,
    "errorPct" : 0.0,
    "meanResTime" : 11865.729999999996,
    "medianResTime" : 11808.5,
    "minResTime" : 9653.0,
    "maxResTime" : 13845.0,
    "pct1ResTime" : 13434.0,
    "pct2ResTime" : 13555.5,
    "pct3ResTime" : 13844.09,
    "throughput" : 7.222824124232575,
    "receivedKBytesPerSec" : 106.21924656915854,
    "sentKBytesPerSec" : 1.608206933911159
  },
  "HTTP Request" : {
    "transaction" : "HTTP Request",
    "sampleCount" : 100,
    "errorCount" : 0,
    "errorPct" : 0.0,
    "meanResTime" : 11865.729999999996,
    "medianResTime" : 11808.5,
    "minResTime" : 9653.0,
    "maxResTime" : 13845.0,
    "pct1ResTime" : 13434.0,
    "pct2ResTime" : 13555.5,
    "pct3ResTime" : 13844.09,
    "throughput" : 7.222824124232575,
    "receivedKBytesPerSec" : 106.21924656915854,
    "sentKBytesPerSec" : 1.608206933911159
  }
}