{
  "Total" : {
    "transaction" : "Total",
    "sampleCount" : 500,
    "errorCount" : 105,
    "errorPct" : 21.0,
    "meanResTime" : 16574.918000000005,
    "medianResTime" : 16721.5,
    "minResTime" : 11876.0,
    "maxResTime" : 20865.0,
    "pct1ResTime" : 20277.100000000002,
    "pct2ResTime" : 20647.35,
    "pct3ResTime" : 20774.0,
    "throughput" : 23.9612785738247,
    "receivedKBytesPerSec" : 365.76039994369097,
    "sentKBytesPerSec" : 5.335128432453155
  },
  "HTTP Request" : {
    "transaction" : "HTTP Request",
    "sampleCount" : 500,
    "errorCount" : 105,
    "errorPct" : 21.0,
    "meanResTime" : 16574.918000000005,
    "medianResTime" : 16721.5,
    "minResTime" : 11876.0,
    "maxResTime" : 20865.0,
    "pct1ResTime" : 20277.100000000002,
    "pct2ResTime" : 20647.35,
    "pct3ResTime" : 20774.0,
    "throughput" : 23.9612785738247,
    "receivedKBytesPerSec" : 365.76039994369097,
    "sentKBytesPerSec" : 5.335128432453155
  }
}