{
  "Total" : {
    "transaction" : "Total",
    "sampleCount" : 1000,
    "errorCount" : 673,
    "errorPct" : 67.3,
    "meanResTime" : 19168.605999999985,
    "medianResTime" : 18101.0,
    "minResTime" : 10093.0,
    "maxResTime" : 34670.0,
    "pct1ResTime" : 31793.6,
    "pct2ResTime" : 33365.84999999999,
    "pct3ResTime" : 34501.97,
    "throughput" : 28.100938571348284,
    "receivedKBytesPerSec" : 463.6404590288316,
    "sentKBytesPerSec" : 6.256849603776766
  },
  "HTTP Request" : {
    "transaction" : "HTTP Request",
    "sampleCount" : 1000,
    "errorCount" : 673,
    "errorPct" : 67.3,
    "meanResTime" : 19168.605999999985,
    "medianResTime" : 18101.0,
    "minResTime" : 10093.0,
    "maxResTime" : 34670.0,
    "pct1ResTime" : 31793.6,
    "pct2ResTime" : 33365.84999999999,
    "pct3ResTime" : 34501.97,
    "throughput" : 28.100938571348284,
    "receivedKBytesPerSec" : 463.6404590288316,
    "sentKBytesPerSec" : 6.256849603776766
  }
}